<?xml version="1.0" encoding="UTF-8"?>
<project-private xmlns="http://www.netbeans.org/ns/project-private/1">
    <editor-bookmarks xmlns="http://www.netbeans.org/ns/editor-bookmarks/2" lastBookmarkId="0"/>
    <open-files xmlns="http://www.netbeans.org/ns/projectui-open-files/2">
        <group>
            <file>file:/D:/Archivos%20en%20la%20nube/Dropbox/NetBeansProjects/videojuegos/TareaMultiPantallasVJ/src/subpanelesvj/Panel_VJ.java</file>
            <file>file:/D:/Archivos%20en%20la%20nube/Dropbox/NetBeansProjects/videojuegos/TareaMultiPantallasVJ/src/principalvj/Main.java</file>
            <file>file:/D:/Archivos%20en%20la%20nube/Dropbox/NetBeansProjects/videojuegos/TareaMultiPantallasVJ/src/vistasvj/VideoJuego.java</file>
            <file>file:/D:/Archivos%20en%20la%20nube/Dropbox/NetBeansProjects/videojuegos/TareaMultiPantallasVJ/src/vistasvj/Servidor.java</file>
            <file>file:/D:/Archivos%20en%20la%20nube/Dropbox/NetBeansProjects/videojuegos/TareaMultiPantallasVJ/src/principalvj/Sprites_String.java</file>
            <file>file:/D:/Archivos%20en%20la%20nube/Dropbox/NetBeansProjects/videojuegos/TareaMultiPantallasVJ/src/subpanelesvj/Panel_PY.java</file>
            <file>file:/D:/Archivos%20en%20la%20nube/Dropbox/NetBeansProjects/videojuegos/TareaMultiPantallasVJ/src/principalvj/MiVentana.java</file>
        </group>
    </open-files>
</project-private>
