<?xml version="1.0" encoding="UTF-8"?>
<project-private xmlns="http://www.netbeans.org/ns/project-private/1">
    <editor-bookmarks xmlns="http://www.netbeans.org/ns/editor-bookmarks/2" lastBookmarkId="0"/>
    <open-files xmlns="http://www.netbeans.org/ns/projectui-open-files/2">
        <group>
            <file>file:/Users/oscar/NetBeansProjects/testsockets/src/view/client_view.java</file>
            <file>file:/Users/oscar/NetBeansProjects/testsockets/src/base64work/vistasvj/Servidor.java</file>
            <file>file:/Users/oscar/NetBeansProjects/testsockets/src/server/server_game.java</file>
            <file>file:/Users/oscar/NetBeansProjects/testsockets/src/server/EchoThread.java</file>
            <file>file:/Users/oscar/NetBeansProjects/testsockets/src/client/client_game.java</file>
            <file>file:/Users/oscar/NetBeansProjects/testsockets/src/base64work/principalvj/Sprites_Player.java</file>
        </group>
    </open-files>
</project-private>
